strategy,outcome,count,n,rate,ci95_low,ci95_high
bounded_continue,mission_completed,60,60,1.0,0.9398281478579099,0.9999999999999999
bounded_continue,returned_home,0,60,0.0,0.0,0.060171852142089886
bounded_continue,boundary10_violation,2,60,0.03333333333333333,0.00918931925619787,0.11363774274308602
bounded_continue,boundary20_violation,0,60,0.0,0.0,0.060171852142089886
detection_only,mission_completed,8,60,0.13333333333333333,0.06914109480586972,0.2416515967649962
detection_only,returned_home,0,60,0.0,0.0,0.060171852142089886
detection_only,boundary10_violation,56,60,0.9333333333333333,0.8407464268680283,0.9737713012754938
detection_only,boundary20_violation,18,60,0.3,0.19898166138769108,0.42508707946914487
fixed_rtb,mission_completed,0,60,0.0,0.0,0.060171852142089886
fixed_rtb,returned_home,36,60,0.6,0.4736605349204075,0.7143050946511744
fixed_rtb,boundary10_violation,4,60,0.06666666666666667,0.0262286987245062,0.1592535731319717
fixed_rtb,boundary20_violation,0,60,0.0,0.0,0.060171852142089886
