seed,scenario,strategy,attack_trial,alert,alert_time_s,detection_latency_s,mission_completed,returned_home,max_route_error_m,max_route_error_post_attack_m,route_recovery_time_s,path_length_m,boundary10_violation,boundary20_violation,boundary30_violation,attack_dir_x,attack_dir_y,abrupt_pos_bias_m,abrupt_vel_bias_mps,gradual_rate_mps,comm_delay_s,degradation_sigma_multiplier
70000,nominal,detection_only,0,0,,,1,0,2.7101943361871035,2.450120652540588,,394.693190046406,0,0,0,-0.4627943751251115,0.8864656599962334,0.0,0.0,0.0,0.0,1.0
70001,nominal,detection_only,0,0,,,1,0,2.645286645796493,2.531936611819149,,395.05325694073474,0,0,0,-0.2371549724624763,-0.9714718313138688,0.0,0.0,0.0,0.0,1.0
70002,nominal,detection_only,0,0,,,1,0,2.4792754488714763,2.4792754488714763,,396.2225637090343,0,0,0,0.9638240748097904,0.2665392144076586,0.0,0.0,0.0,0.0,1.0
70003,nominal,detection_only,0,0,,,1,0,2.5795619511573493,2.2611205196534025,,396.7496101015511,0,0,0,-0.8687521615612184,-0.4952470916448785,0.0,0.0,0.0,0.0,1.0
70004,nominal,detection_only,0,0,,,1,0,2.91735535471542,2.6704056714712983,,394.222127185819,0,0,0,-0.4493985698386581,0.8933313637318286,0.0,0.0,0.0,0.0,1.0
70005,nominal,detection_only,0,0,,,1,0,2.713530166137184,2.4235634258397782,,395.1328749238395,0,0,0,-0.9998369908084442,0.0180552433136489,0.0,0.0,0.0,0.0,1.0
70006,nominal,detection_only,0,0,,,1,0,2.5891657318985586,2.5891657318985586,,397.1732651218911,0,0,0,-0.0773759376045911,-0.9970019881022356,0.0,0.0,0.0,0.0,1.0
70007,nominal,detection_only,0,0,,,1,0,2.937090831522232,2.937090831522232,,393.9383716473229,0,0,0,-0.9688570852178332,-0.2476205735055235,0.0,0.0,0.0,0.0,1.0
70008,nominal,detection_only,0,0,,,1,0,2.4835311898077768,1.913923230973612,,396.4437055606157,0,0,0,-0.499682149010065,0.8662088373831586,0.0,0.0,0.0,0.0,1.0
70009,nominal,detection_only,0,0,,,1,0,2.465855407812229,2.208591461727841,,396.22434731604847,0,0,0,-0.8856497938527514,0.4643537903889435,0.0,0.0,0.0,0.0,1.0
70010,nominal,detection_only,0,0,,,1,0,2.639256817750111,2.639256817750111,,395.4845397734424,0,0,0,-0.3897582227544698,-0.9209172209244852,0.0,0.0,0.0,0.0,1.0
70011,nominal,detection_only,0,0,,,1,0,2.793782169684882,2.793782169684882,,395.2910482474185,0,0,0,0.3267110503507777,0.9451242720291824,0.0,0.0,0.0,0.0,1.0
70012,nominal,detection_only,0,0,,,1,0,2.952353419305912,2.952353419305912,,396.20479410883104,0,0,0,-0.9991357870195396,0.0415653593373772,0.0,0.0,0.0,0.0,1.0
70013,nominal,detection_only,0,0,,,1,0,2.832553253211582,2.832553253211582,,396.12601017034825,0,0,0,0.5902463886953659,0.807223141784277,0.0,0.0,0.0,0.0,1.0
70014,nominal,detection_only,0,0,,,1,0,2.842316141859279,2.842316141859279,,395.74849766185537,0,0,0,-0.0724132894022794,-0.9973747116896146,0.0,0.0,0.0,0.0,1.0
70015,nominal,detection_only,0,0,,,1,0,2.403937451865489,2.403937451865489,,396.3519599956367,0,0,0,0.4217594941365127,-0.9067077418362064,0.0,0.0,0.0,0.0,1.0
70016,nominal,detection_only,0,0,,,1,0,2.465562340241283,2.465562340241283,,396.0701440588986,0,0,0,0.1008948234683841,0.9948970974916368,0.0,0.0,0.0,0.0,1.0
70017,nominal,detection_only,0,0,,,1,0,2.6131970942529743,2.6131970942529743,,396.3766973752337,0,0,0,-0.9999984477301184,-0.0017619697369012,0.0,0.0,0.0,0.0,1.0
70018,nominal,detection_only,0,0,,,1,0,2.298409928175256,2.068605461533053,,396.123102604416,0,0,0,0.6059097087734854,-0.7955334215569011,0.0,0.0,0.0,0.0,1.0
70019,nominal,detection_only,0,0,,,1,0,2.755864408247291,2.755864408247291,,396.15173871583625,0,0,0,0.9046817638257082,0.4260879090061176,0.0,0.0,0.0,0.0,1.0
80000,gnss_degradation,detection_only,0,0,,,1,0,2.430221092542494,2.2443219313256075,,396.7779213158827,0,0,0,-0.9907557599140596,-0.1356577465429605,0.0,0.0,0.0,0.0,3.520994626777852
80001,gnss_degradation,detection_only,0,0,,,1,0,2.571761244811896,2.571761244811896,,396.3664259755209,0,0,0,0.6078117802332456,-0.794081129236612,0.0,0.0,0.0,0.0,3.001135023028655
80002,gnss_degradation,detection_only,0,0,,,1,0,2.3768597361303567,2.3768597361303567,,397.0721273307272,0,0,0,0.9635104169241524,0.2676708360629639,0.0,0.0,0.0,0.0,2.9738628751420757
80003,gnss_degradation,detection_only,0,0,,,1,0,2.6727656576434917,2.274084043528428,,397.80136220201217,0,0,0,0.4714262947560766,-0.8819054646687233,0.0,0.0,0.0,0.0,4.4169393808711535
80004,gnss_degradation,detection_only,0,0,,,1,0,2.460912778584886,2.2679772925352597,,398.161400658664,0,0,0,-0.5053353204709807,-0.8629230637110653,0.0,0.0,0.0,0.0,4.393481006422327
80005,gnss_degradation,detection_only,0,0,,,1,0,3.197473202759941,2.484232515542689,,396.5295777929395,0,0,0,0.98904643964299,0.1476046755002203,0.0,0.0,0.0,0.0,2.771184568630764
80006,gnss_degradation,detection_only,0,0,,,1,0,2.39981358328689,2.0802487689788958,,396.78993393365954,0,0,0,0.9977718823368884,-0.0667178448235744,0.0,0.0,0.0,0.0,2.891792939307859
80007,gnss_degradation,detection_only,0,0,,,1,0,2.9355128411204574,2.9355128411204574,,396.4223063061009,0,0,0,0.9294866908258956,-0.3688556514105834,0.0,0.0,0.0,0.0,2.9592846618383457
80008,gnss_degradation,detection_only,0,0,,,1,0,2.625382529550763,2.625382529550763,,395.3309391207633,0,0,0,-0.9710352806196648,0.2389361500315278,0.0,0.0,0.0,0.0,3.423150180185731
80009,gnss_degradation,detection_only,0,0,,,1,0,2.74429530965996,2.5811402699244543,,396.8944594380131,0,0,0,-0.8659109755622966,0.500198143140048,0.0,0.0,0.0,0.0,3.11830072049732
80010,gnss_degradation,detection_only,0,1,34.2,,1,0,2.8693742142179683,2.664627467709865,1.0,397.10243326321086,0,0,0,-0.9991936233898626,-0.0401510021921905,0.0,0.0,0.0,0.0,2.9179771765098543
80011,gnss_degradation,detection_only,0,0,,,1,0,2.834631879500736,2.4690161219141102,,396.11786685551147,0,0,0,0.999937237126068,-0.0112036515781926,0.0,0.0,0.0,0.0,4.149301356935138
80012,gnss_degradation,detection_only,0,0,,,1,0,2.492489406672147,2.445428758913689,,396.7488338984695,0,0,0,-0.9555281558310732,0.2948998871041975,0.0,0.0,0.0,0.0,3.9897835739174905
80013,gnss_degradation,detection_only,0,0,,,1,0,2.57966127145191,2.57966127145191,,399.4716543213281,0,0,0,0.9995773415948938,-0.0290712602080675,0.0,0.0,0.0,0.0,3.415182256672905
80014,gnss_degradation,detection_only,0,0,,,1,0,2.5813539824541385,2.5813539824541385,,397.8640579296431,0,0,0,-0.9998454333249426,0.0175815090153777,0.0,0.0,0.0,0.0,4.040481551642904
80015,gnss_degradation,detection_only,0,0,,,1,0,2.563738919431811,2.3113653466340964,,397.0884766329602,0,0,0,-0.3982788405785657,0.9172643921723952,0.0,0.0,0.0,0.0,3.847468775534413
80016,gnss_degradation,detection_only,0,0,,,1,0,2.885040659141049,2.4775855934533406,,397.2368965930586,0,0,0,0.1700159621288197,-0.98544130856252,0.0,0.0,0.0,0.0,4.4766280669991065
80017,gnss_degradation,detection_only,0,0,,,1,0,2.890695617045965,2.890695617045965,,396.1019506706177,0,0,0,-0.5063857030115476,0.8623070913459432,0.0,0.0,0.0,0.0,3.277739993704283
80018,gnss_degradation,detection_only,0,0,,,1,0,2.663800960408224,2.663800960408224,,396.3018629394877,0,0,0,0.7057077124765332,-0.7085030871853268,0.0,0.0,0.0,0.0,3.203687246066058
80019,gnss_degradation,detection_only,0,0,,,1,0,2.449306400059988,2.0694820489593,,398.3655599240772,0,0,0,-0.4609169048916472,-0.8874432977858947,0.0,0.0,0.0,0.0,3.793829907518912
90000,comm_delay,detection_only,0,0,,,1,0,2.2876747089981366,2.244335329368961,,395.9231431475635,0,0,0,-0.1075569760704511,-0.9941989221974546,0.0,0.0,0.0,0.5832361970352612,1.0
90001,comm_delay,detection_only,0,0,,,1,0,2.438179408270872,2.438179408270872,,395.96037789086427,0,0,0,-0.9608264524846586,0.2771507319235258,0.0,0.0,0.0,0.7380025098570255,1.0
90002,comm_delay,detection_only,0,0,,,1,0,2.597214686276073,2.597214686276073,,395.47876006695134,0,0,0,-0.9604964054461168,0.278292391425078,0.0,0.0,0.0,1.0145519259728188,1.0
90003,comm_delay,detection_only,0,0,,,1,0,2.284775474080984,2.284775474080984,,396.8565330693606,0,0,0,0.2516137776342215,-0.9678277258400052,0.0,0.0,0.0,0.6902826190672913,1.0
90004,comm_delay,detection_only,0,0,,,1,0,2.702679711287065,2.702679711287065,,396.5824037851901,0,0,0,-0.9901263987048606,-0.14017743965326,0.0,0.0,0.0,0.7581904047023529,1.0
90005,comm_delay,detection_only,0,0,,,1,0,3.1775805141051485,3.1775805141051485,,395.529992412694,0,0,0,-0.9963469318790216,0.0853978415140572,0.0,0.0,0.0,0.6867004357689884,1.0
90006,comm_delay,detection_only,0,0,,,1,0,2.5972368775812384,2.5635929156059087,,396.2114229017116,0,0,0,-0.4364288484235102,0.8997387733468691,0.0,0.0,0.0,1.1988496709291634,1.0
90007,comm_delay,detection_only,0,0,,,1,0,2.503113373708388,2.503113373708388,,395.46577967284594,0,0,0,0.2608073150094088,-0.9653908765042184,0.0,0.0,0.0,0.9107121592194816,1.0
90008,comm_delay,detection_only,0,0,,,1,0,2.591106995370061,2.591106995370061,,396.1394819682341,0,0,0,-0.960605116448178,-0.2779169125000891,0.0,0.0,0.0,1.1292699447497834,1.0
90009,comm_delay,detection_only,0,0,,,1,0,2.577458586230232,2.577458586230232,,394.8197692277464,0,0,0,-0.97120855266358,0.2382308696057543,0.0,0.0,0.0,0.6356297772997208,1.0
90010,comm_delay,detection_only,0,0,,,1,0,2.0022653967770827,1.9960015251199887,,397.1066364815998,0,0,0,0.1102687143144184,-0.9939018113694356,0.0,0.0,0.0,1.071158335845306,1.0
90011,comm_delay,detection_only,0,0,,,1,0,2.5672742166145754,2.5672742166145754,,395.74680381887896,0,0,0,-0.4848359767950594,-0.8746050969467195,0.0,0.0,0.0,0.9287392285627972,1.0
90012,comm_delay,detection_only,0,0,,,1,0,2.447340453320683,2.447340453320683,,394.31894354898736,0,0,0,0.8234288016279948,-0.5674196054503972,0.0,0.0,0.0,0.7845354347846386,1.0
90013,comm_delay,detection_only,0,0,,,1,0,2.3966748644267817,2.3966748644267817,,396.0271579745992,0,0,0,-0.3444820577382586,-0.938792901494475,0.0,0.0,0.0,0.8897706994751691,1.0
90014,comm_delay,detection_only,0,0,,,1,0,2.1621424362749115,2.1621424362749115,,396.55708097357245,0,0,0,0.5644997257643302,0.8254332556978765,0.0,0.0,0.0,1.1714881927331446,1.0
90015,comm_delay,detection_only,0,0,,,1,0,2.567551580669015,2.5009609952287546,,395.1845525347717,0,0,0,0.5802799020711399,-0.8144171138012193,0.0,0.0,0.0,1.16040855052449,1.0
90016,comm_delay,detection_only,0,0,,,1,0,2.2634866928310227,2.112598695780094,,397.3616089876826,0,0,0,-0.8112339593749638,-0.5847216971832152,0.0,0.0,0.0,1.002229838725915,1.0
90017,comm_delay,detection_only,0,0,,,1,0,2.5348318648606183,2.438821895389703,,394.6986492933438,0,0,0,0.8282118815422206,-0.5604150955071561,0.0,0.0,0.0,0.9797188799742472,1.0
90018,comm_delay,detection_only,0,0,,,1,0,2.415079633172996,2.230930305621277,,395.1737533045613,0,0,0,0.8409173715995986,0.5411635373360095,0.0,0.0,0.0,0.5646275358459724,1.0
90019,comm_delay,detection_only,0,0,,,1,0,2.828317889339925,2.828317889339925,,395.3726671913005,0,0,0,-0.3870644048354129,-0.9220526809837968,0.0,0.0,0.0,0.712955745969577,1.0
100000,abrupt_spoof,detection_only,1,1,30.4,0.4000000000000021,0,0,14.47448867116122,14.47448867116122,1.0,384.8457746838662,1,0,0,0.7029416428305679,0.7112475284840449,18.09096465053906,0.7980235837435754,0.0,0.0,1.0
100001,abrupt_spoof,detection_only,1,1,30.4,0.4000000000000021,0,0,14.828119445693808,14.828119445693808,1.0,409.9334686897999,1,0,0,0.597150489890124,-0.8021292242675023,23.406520513119503,0.0329210076363708,0.0,0.0,1.0
100002,abrupt_spoof,detection_only,1,1,30.4,0.4000000000000021,0,0,18.15170763050288,18.15170763050288,1.0,402.25127603522526,1,0,0,0.9388560835289952,-0.3443098232995925,20.74346604691153,0.5032653503462389,0.0,0.0,1.0
100003,abrupt_spoof,detection_only,1,1,30.4,0.4000000000000021,0,0,19.129948276393907,19.129948276393907,1.0,392.8083222498052,1,0,0,0.9897099442412848,0.1430881765552739,21.576316721425627,0.4754269037071178,0.0,0.0,1.0
100004,abrupt_spoof,detection_only,1,1,30.4,0.4000000000000021,0,0,16.267275581135035,16.267275581135035,1.0,394.64228776389217,1,0,0,0.9919619326072596,0.1265366518368124,20.27709390997766,0.0676955632682434,0.0,0.0,1.0
100005,abrupt_spoof,detection_only,1,1,30.4,0.4000000000000021,0,0,17.54267082407533,17.54267082407533,1.0,400.9119571364247,1,0,0,-0.9998440523035428,-0.0176598718350496,22.637404189348388,0.0253770592372671,0.0,0.0,1.0
100006,abrupt_spoof,detection_only,1,1,30.6,0.6000000000000014,0,0,12.4076520499599,12.4076520499599,1.0,408.4712359828558,1,0,0,-0.677433240179933,-0.7355842610464943,19.73453948159287,0.1646709270267706,0.0,0.0,1.0
100007,abrupt_spoof,detection_only,1,1,30.4,0.4000000000000021,1,0,18.832425306899957,18.832425306899957,1.0,378.9213492927648,1,0,0,0.0872376370335157,0.9961875298781896,24.09262051866974,0.0475193829913986,0.0,0.0,1.0
100008,abrupt_spoof,detection_only,1,1,30.6,0.6000000000000014,0,0,16.276124922140003,16.276124922140003,1.0,397.7707324434649,1,0,0,0.9880488904308662,-0.1541408126303157,18.503394869843664,0.2898885076173452,0.0,0.0,1.0
100009,abrupt_spoof,detection_only,1,1,30.4,0.4000000000000021,0,0,15.189926508623891,15.189926508623891,1.0,399.53581482673593,1,0,0,-0.9938569424806022,0.1106723898861365,19.474616020690316,0.1447497621373554,0.0,0.0,1.0
100010,abrupt_spoof,detection_only,1,1,30.6,0.6000000000000014,0,0,15.433124089688205,15.433124089688205,1.0,396.78956254130776,1,0,0,0.9879479162606276,-0.1547866749958927,14.787386951262487,0.6726992889843393,0.0,0.0,1.0
100011,abrupt_spoof,detection_only,1,1,30.6,0.6000000000000014,0,0,14.439635369371652,14.439635369371652,1.0,389.00691564725327,1,0,0,0.794520898219411,0.6072368090725565,18.761500745741547,0.0649576442869774,0.0,0.0,1.0
100012,abrupt_spoof,detection_only,1,1,30.4,0.4000000000000021,1,0,12.354082667254756,12.354082667254756,1.0,385.94651226283474,1,0,0,-0.0101422585502036,0.9999485659730208,12.045944421643004,0.5072282424131213,0.0,0.0,1.0
100013,abrupt_spoof,detection_only,1,1,30.6,0.6000000000000014,0,0,13.749595711802248,13.749595711802248,1.0,400.4537651477617,1,0,0,0.9455121906640542,-0.3255866970649465,15.5059704274283,0.3646622049540973,0.0,0.0,1.0
100014,abrupt_spoof,detection_only,1,1,30.6,0.6000000000000014,0,0,18.575462846222027,18.575462846222027,1.0,399.31225554441744,1,0,0,-0.9999414211923356,0.0108237786309588,20.072350023560293,0.7012789097894269,0.0,0.0,1.0
100015,abrupt_spoof,detection_only,1,1,30.4,0.4000000000000021,0,0,17.884126948197167,17.884126948197167,1.0,388.74090753057806,1,0,0,-0.6743130106751258,0.7384456402703232,22.88852965886965,0.1796135471913936,0.0,0.0,1.0
100016,abrupt_spoof,detection_only,1,1,30.4,0.4000000000000021,0,0,16.613127580074003,16.613127580074003,1.0,407.146437681408,1,0,0,-0.941089345876781,-0.3381580149533831,22.680049922975115,0.0431325321294044,0.0,0.0,1.0
100017,abrupt_spoof,detection_only,1,1,30.6,0.6000000000000014,0,0,13.83834358196189,13.83834358196189,1.0,405.4848214933151,1,0,0,-0.8099525501852277,-0.5864954104240255,18.235004042955776,0.7096834786927604,0.0,0.0,1.0
100018,abrupt_spoof,detection_only,1,1,30.4,0.4000000000000021,0,0,17.246196255019264,17.246196255019264,1.0,380.0366016413013,1,0,0,0.4254528429895124,0.9049805955887348,20.91411554635808,0.544982030312442,0.0,0.0,1.0
100019,abrupt_spoof,detection_only,1,1,30.4,0.4000000000000021,1,0,15.223948213759783,15.223948213759783,1.0,386.54909789952734,1,0,0,-0.3351529659198144,0.9421637275097952,16.040333511932246,0.5572420502341001,0.0,0.0,1.0
110000,gradual_spoof,detection_only,1,1,46.400000000000006,16.400000000000006,0,0,6.56042622207869,6.56042622207869,1.0,392.03811180772,0,0,0,0.5580631794463147,-0.8297984621257564,0.0,0.0,0.2581964531636201,0.0,1.0
110001,gradual_spoof,detection_only,1,1,33.0,3.0,0,0,23.218551846998185,23.218551846998185,1.0,407.35951870191457,1,1,0,-0.8407186149627075,0.5414722619444018,0.0,0.0,0.7927135626558827,0.0,1.0
110002,gradual_spoof,detection_only,1,1,32.0,2.0,0,0,14.252317216643194,14.252317216643194,1.0,394.8900957323782,1,0,0,-0.0107262688545546,-0.99994247192349,0.0,0.0,0.7309066844251262,0.0,1.0
110003,gradual_spoof,detection_only,1,1,43.6,13.6,0,0,17.83155728768181,17.83155728768181,1.0,404.675652448421,1,0,0,-0.8816579535861893,0.4718890260201151,0.0,0.0,0.4010741273544916,0.0,1.0
110004,gradual_spoof,detection_only,1,1,34.6,4.600000000000001,0,0,14.503717870303165,14.503717870303165,1.0,389.05599785436215,1,0,0,0.6213489044259246,-0.7835340062618235,0.0,0.0,0.5316456960640409,0.0,1.0
110005,gradual_spoof,detection_only,1,1,31.200000000000003,1.2000000000000028,0,0,23.17670380847694,23.17670380847694,1.0,390.1243144575215,1,1,0,0.8917179754741067,0.4525914849136697,0.0,0.0,0.699284173484102,0.0,1.0
110006,gradual_spoof,detection_only,1,1,38.2,8.200000000000003,0,0,23.010438767145637,23.010438767145637,1.0,391.9247422566693,1,1,0,0.9065730700794024,0.4220488936211147,0.0,0.0,0.5629938509787902,0.0,1.0
110007,gradual_spoof,detection_only,1,1,39.6,9.6,1,0,23.066462358280585,23.066462358280585,16.300000000000004,403.9196935901468,1,1,0,-0.1885326023541186,0.9820669314510004,0.0,0.0,0.5235688712881484,0.0,1.0
110008,gradual_spoof,detection_only,1,1,31.4,1.400000000000002,0,0,15.1430914058158,15.1430914058158,0.9999999999999964,387.2551829438815,1,0,0,0.6547081580554646,-0.7558817551546146,0.0,0.0,0.7694486223067857,0.0,1.0
110009,gradual_spoof,detection_only,1,1,40.6,10.6,1,0,20.28806368935696,20.28806368935696,15.450000000000005,405.1050129880335,1,1,0,-0.4501610880496747,0.8929473639615791,0.0,0.0,0.4457190569233518,0.0,1.0
110010,gradual_spoof,detection_only,1,1,44.0,14.0,0,0,8.373098527698385,8.373098527698385,1.0,392.14449918281946,0,0,0,0.5227019303707984,-0.8525155083555026,0.0,0.0,0.352495891087226,0.0,1.0
110011,gradual_spoof,detection_only,1,1,41.8,11.800000000000004,0,0,16.546285118361357,16.546285118361357,1.0,394.4215307450325,1,0,0,0.8932131321676386,0.4496335180158129,0.0,0.0,0.3766908023015404,0.0,1.0
110012,gradual_spoof,detection_only,1,1,49.0,19.0,0,0,5.553582959650492,5.553582959650492,8.650000000000006,392.5436378570207,0,0,0,0.3090753417728528,-0.9510375560975468,0.0,0.0,0.3187303760152798,0.0,1.0
110013,gradual_spoof,detection_only,1,1,38.400000000000006,8.400000000000006,0,0,18.29813429811669,18.29813429811669,1.0,401.6641070630913,1,0,0,-0.7786655273135381,-0.6274392373557216,0.0,0.0,0.5609265027108623,0.0,1.0
110014,gradual_spoof,detection_only,1,1,30.4,0.4000000000000021,0,0,22.889599863515016,22.889599863515016,1.0,404.4153554596066,1,1,0,-0.429896989266075,0.9028779422601728,0.0,0.0,0.7907076429687818,0.0,1.0
110015,gradual_spoof,detection_only,1,1,41.400000000000006,11.400000000000006,0,0,18.022581307088533,18.022581307088533,1.0,393.2028194047097,1,0,0,0.8993050832564194,0.4373218119750769,0.0,0.0,0.3945184471013597,0.0,1.0
110016,gradual_spoof,detection_only,1,1,40.2,10.200000000000005,1,0,21.267060918083928,21.267060918083928,15.1,404.1328009179514,1,1,0,-0.3438046284503148,0.9390412011494176,0.0,0.0,0.4726018710679691,0.0,1.0
110017,gradual_spoof,detection_only,1,1,33.800000000000004,3.800000000000004,0,0,23.270179474335965,23.270179474335965,1.0,387.9939799516531,1,1,0,0.9929571719274556,0.1184738566850496,0.0,0.0,0.6815381463042502,0.0,1.0
110018,gradual_spoof,detection_only,1,1,38.8,8.800000000000004,0,0,20.12192123390846,20.12192123390846,1.0,388.427823550118,1,1,0,0.8697065348822672,-0.4935691878380169,0.0,0.0,0.5308176176528869,0.0,1.0
110019,gradual_spoof,detection_only,1,1,30.6,0.6000000000000014,0,0,13.78269934415242,13.78269934415242,1.0,400.92970804594825,1,0,0,-0.5971128629171578,-0.8021572345487358,0.0,0.0,0.7796019635642155,0.0,1.0
120000,spoof_comm,detection_only,1,1,50.6,20.6,0,0,22.876592489017384,22.876592489017384,3.450000000000003,406.8886475499624,1,1,0,-0.6826207567434719,0.7307728117978732,0.0,0.0,0.7858419544770487,0.9116372001724946,1.0
120001,spoof_comm,detection_only,1,1,52.2,22.200000000000003,0,0,14.040831961144844,14.040831961144844,1.0,402.1534911870477,1,0,0,-0.9996655533518046,0.0258608089941197,0.0,0.0,0.3142759655523686,0.7646396040052568,1.0
120002,spoof_comm,detection_only,1,1,50.6,20.6,0,0,11.776755548485148,11.776755548485148,7.200000000000003,390.65646193533183,1,0,0,0.5964803338195082,-0.8026276916270507,0.0,0.0,0.4178575364150949,1.1352328398461755,1.0
120003,spoof_comm,detection_only,1,1,50.2,20.200000000000003,0,0,22.64990621023985,22.64990621023985,,388.8284263304577,1,1,0,0.866700979099528,0.4988280393361218,0.0,0.0,0.7572326056676606,0.6949563388325305,1.0
120004,spoof_comm,detection_only,1,1,50.6,20.6,0,0,22.9129673055901,22.9129673055901,5.050000000000004,405.2766148905306,1,1,0,-0.4164788406877042,0.9091454093044884,0.0,0.0,0.5593429807495008,0.8823986704985223,1.0
120005,spoof_comm,detection_only,1,1,50.6,20.6,0,0,9.083436847367766,9.083436847367766,7.850000000000001,391.6471116963775,0,0,0,0.5117556296314503,-0.8591310584192134,0.0,0.0,0.3911062257483023,0.5651025285438763,1.0
120006,spoof_comm,detection_only,1,1,50.0,20.0,0,0,21.55226083080364,21.55226083080364,8.050000000000004,386.29270508144685,1,1,0,0.9234859687557972,-0.3836322008267379,0.0,0.0,0.783860648773922,1.054035241709135,1.0
120007,spoof_comm,detection_only,1,1,50.6,20.6,1,0,23.04427272346797,23.04427272346797,5.700000000000003,404.5642537650153,1,1,0,-0.1693448329252959,0.9855568616581712,0.0,0.0,0.6079469460750131,1.1964675746010145,1.0
120008,spoof_comm,detection_only,1,1,50.6,20.6,0,0,19.644400419365198,19.644400419365198,,403.27756371961215,1,0,0,-0.8948213034932176,-0.4464245006881891,0.0,0.0,0.4984793171201148,0.560004298429984,1.0
120009,spoof_comm,detection_only,1,1,50.6,20.6,0,0,15.6546171128214,15.6546171128214,,399.01820234834514,1,0,0,-0.6800089164035634,-0.7332038417872969,0.0,0.0,0.5822619311547387,1.1922260203556947,1.0
120010,spoof_comm,detection_only,1,1,50.6,20.6,0,0,15.920899283571352,15.920899283571352,,399.8741717535638,1,0,0,-0.6850137228553259,-0.7285301637543135,0.0,0.0,0.6332250859678885,0.8584075435793932,1.0
120011,spoof_comm,detection_only,1,1,50.6,20.6,0,0,23.289360392895865,23.289360392895865,4.399999999999999,404.6684228221368,1,1,0,-0.3581722876570234,0.9336555105361584,0.0,0.0,0.7160155729734423,0.8551238368182366,1.0
120012,spoof_comm,detection_only,1,1,50.6,20.6,0,0,21.68111212284621,21.68111212284621,1.0,386.39128884318575,1,1,0,0.9475174612632516,-0.3197040203082257,0.0,0.0,0.5413788846799643,0.7889189997851319,1.0
120013,spoof_comm,detection_only,1,1,50.8,20.800000000000004,0,0,14.787974660084636,14.787974660084636,1.0,400.4159273840712,1,0,0,-0.8899108202320553,-0.4561345547466345,0.0,0.0,0.3683946196727706,0.845032001574385,1.0
120014,spoof_comm,detection_only,1,1,50.6,20.6,1,0,22.9450821741493,22.9450821741493,5.300000000000004,404.579201731786,1,1,0,-0.2488064737528477,0.9685532193011768,0.0,0.0,0.5409239708516713,0.725982978384855,1.0
120015,spoof_comm,detection_only,1,1,50.6,20.6,0,0,17.584394128527947,17.584394128527947,1.0,388.9874203536418,1,0,0,0.9486828013190852,-0.3162292562072223,0.0,0.0,0.410127047600628,0.6224122940768178,1.0
120016,spoof_comm,detection_only,1,1,51.2,21.200000000000003,0,0,11.551286462822436,11.551286462822436,1.0,391.35484067159393,1,0,0,0.9756292611675358,-0.2194254879308424,0.0,0.0,0.2670299654053515,0.7946470510712913,1.0
120017,spoof_comm,detection_only,1,1,50.6,20.6,0,0,22.92918976413038,22.92918976413038,4.399999999999999,405.19927261011634,1,1,0,-0.4228229333385655,0.9062123189644748,0.0,0.0,0.7057582669227829,1.1636370994752163,1.0
120018,spoof_comm,detection_only,1,1,53.0,23.0,0,0,11.902864037804257,11.902864037804257,1.0,402.5326087431709,1,0,0,-0.9495552742717234,0.3135997147682888,0.0,0.0,0.2644240234435032,0.963480335327614,1.0
120019,spoof_comm,detection_only,1,1,50.6,20.6,0,0,18.74732019518307,18.74732019518307,,393.8403841760992,1,0,0,0.8390452257158382,0.544061677756721,0.0,0.0,0.4131555597132597,0.929775889416124,1.0
70000,nominal,fixed_rtb,0,0,,,1,0,2.7101943361871035,2.450120652540588,,394.693190046406,0,0,0,-0.4627943751251115,0.8864656599962334,0.0,0.0,0.0,0.0,1.0
70001,nominal,fixed_rtb,0,0,,,1,0,2.645286645796493,2.531936611819149,,395.05325694073474,0,0,0,-0.2371549724624763,-0.9714718313138688,0.0,0.0,0.0,0.0,1.0
70002,nominal,fixed_rtb,0,0,,,1,0,2.4792754488714763,2.4792754488714763,,396.2225637090343,0,0,0,0.9638240748097904,0.2665392144076586,0.0,0.0,0.0,0.0,1.0
70003,nominal,fixed_rtb,0,0,,,1,0,2.5795619511573493,2.2611205196534025,,396.7496101015511,0,0,0,-0.8687521615612184,-0.4952470916448785,0.0,0.0,0.0,0.0,1.0
70004,nominal,fixed_rtb,0,0,,,1,0,2.91735535471542,2.6704056714712983,,394.222127185819,0,0,0,-0.4493985698386581,0.8933313637318286,0.0,0.0,0.0,0.0,1.0
70005,nominal,fixed_rtb,0,0,,,1,0,2.713530166137184,2.4235634258397782,,395.1328749238395,0,0,0,-0.9998369908084442,0.0180552433136489,0.0,0.0,0.0,0.0,1.0
70006,nominal,fixed_rtb,0,0,,,1,0,2.5891657318985586,2.5891657318985586,,397.1732651218911,0,0,0,-0.0773759376045911,-0.9970019881022356,0.0,0.0,0.0,0.0,1.0
70007,nominal,fixed_rtb,0,0,,,1,0,2.937090831522232,2.937090831522232,,393.9383716473229,0,0,0,-0.9688570852178332,-0.2476205735055235,0.0,0.0,0.0,0.0,1.0
70008,nominal,fixed_rtb,0,0,,,1,0,2.4835311898077768,1.913923230973612,,396.4437055606157,0,0,0,-0.499682149010065,0.8662088373831586,0.0,0.0,0.0,0.0,1.0
70009,nominal,fixed_rtb,0,0,,,1,0,2.465855407812229,2.208591461727841,,396.22434731604847,0,0,0,-0.8856497938527514,0.4643537903889435,0.0,0.0,0.0,0.0,1.0
70010,nominal,fixed_rtb,0,0,,,1,0,2.639256817750111,2.639256817750111,,395.4845397734424,0,0,0,-0.3897582227544698,-0.9209172209244852,0.0,0.0,0.0,0.0,1.0
70011,nominal,fixed_rtb,0,0,,,1,0,2.793782169684882,2.793782169684882,,395.2910482474185,0,0,0,0.3267110503507777,0.9451242720291824,0.0,0.0,0.0,0.0,1.0
70012,nominal,fixed_rtb,0,0,,,1,0,2.952353419305912,2.952353419305912,,396.20479410883104,0,0,0,-0.9991357870195396,0.0415653593373772,0.0,0.0,0.0,0.0,1.0
70013,nominal,fixed_rtb,0,0,,,1,0,2.832553253211582,2.832553253211582,,396.12601017034825,0,0,0,0.5902463886953659,0.807223141784277,0.0,0.0,0.0,0.0,1.0
70014,nominal,fixed_rtb,0,0,,,1,0,2.842316141859279,2.842316141859279,,395.74849766185537,0,0,0,-0.0724132894022794,-0.9973747116896146,0.0,0.0,0.0,0.0,1.0
70015,nominal,fixed_rtb,0,0,,,1,0,2.403937451865489,2.403937451865489,,396.3519599956367,0,0,0,0.4217594941365127,-0.9067077418362064,0.0,0.0,0.0,0.0,1.0
70016,nominal,fixed_rtb,0,0,,,1,0,2.465562340241283,2.465562340241283,,396.0701440588986,0,0,0,0.1008948234683841,0.9948970974916368,0.0,0.0,0.0,0.0,1.0
70017,nominal,fixed_rtb,0,0,,,1,0,2.6131970942529743,2.6131970942529743,,396.3766973752337,0,0,0,-0.9999984477301184,-0.0017619697369012,0.0,0.0,0.0,0.0,1.0
70018,nominal,fixed_rtb,0,0,,,1,0,2.298409928175256,2.068605461533053,,396.123102604416,0,0,0,0.6059097087734854,-0.7955334215569011,0.0,0.0,0.0,0.0,1.0
70019,nominal,fixed_rtb,0,0,,,1,0,2.755864408247291,2.755864408247291,,396.15173871583625,0,0,0,0.9046817638257082,0.4260879090061176,0.0,0.0,0.0,0.0,1.0
80000,gnss_degradation,fixed_rtb,0,0,,,1,0,2.430221092542494,2.2443219313256075,,396.7779213158827,0,0,0,-0.9907557599140596,-0.1356577465429605,0.0,0.0,0.0,0.0,3.520994626777852
80001,gnss_degradation,fixed_rtb,0,0,,,1,0,2.571761244811896,2.571761244811896,,396.3664259755209,0,0,0,0.6078117802332456,-0.794081129236612,0.0,0.0,0.0,0.0,3.001135023028655
80002,gnss_degradation,fixed_rtb,0,0,,,1,0,2.3768597361303567,2.3768597361303567,,397.0721273307272,0,0,0,0.9635104169241524,0.2676708360629639,0.0,0.0,0.0,0.0,2.9738628751420757
80003,gnss_degradation,fixed_rtb,0,0,,,1,0,2.6727656576434917,2.274084043528428,,397.80136220201217,0,0,0,0.4714262947560766,-0.8819054646687233,0.0,0.0,0.0,0.0,4.4169393808711535
80004,gnss_degradation,fixed_rtb,0,0,,,1,0,2.460912778584886,2.2679772925352597,,398.161400658664,0,0,0,-0.5053353204709807,-0.8629230637110653,0.0,0.0,0.0,0.0,4.393481006422327
80005,gnss_degradation,fixed_rtb,0,0,,,1,0,3.197473202759941,2.484232515542689,,396.5295777929395,0,0,0,0.98904643964299,0.1476046755002203,0.0,0.0,0.0,0.0,2.771184568630764
80006,gnss_degradation,fixed_rtb,0,0,,,1,0,2.39981358328689,2.0802487689788958,,396.78993393365954,0,0,0,0.9977718823368884,-0.0667178448235744,0.0,0.0,0.0,0.0,2.891792939307859
80007,gnss_degradation,fixed_rtb,0,0,,,1,0,2.9355128411204574,2.9355128411204574,,396.4223063061009,0,0,0,0.9294866908258956,-0.3688556514105834,0.0,0.0,0.0,0.0,2.9592846618383457
80008,gnss_degradation,fixed_rtb,0,0,,,1,0,2.625382529550763,2.625382529550763,,395.3309391207633,0,0,0,-0.9710352806196648,0.2389361500315278,0.0,0.0,0.0,0.0,3.423150180185731
80009,gnss_degradation,fixed_rtb,0,0,,,1,0,2.74429530965996,2.5811402699244543,,396.8944594380131,0,0,0,-0.8659109755622966,0.500198143140048,0.0,0.0,0.0,0.0,3.11830072049732
80010,gnss_degradation,fixed_rtb,0,1,34.2,,0,1,2.8693742142179683,2.210530863158836,,389.0799539042374,0,0,0,-0.9991936233898626,-0.0401510021921905,0.0,0.0,0.0,0.0,2.9179771765098543
80011,gnss_degradation,fixed_rtb,0,0,,,1,0,2.834631879500736,2.4690161219141102,,396.11786685551147,0,0,0,0.999937237126068,-0.0112036515781926,0.0,0.0,0.0,0.0,4.149301356935138
80012,gnss_degradation,fixed_rtb,0,0,,,1,0,2.492489406672147,2.445428758913689,,396.7488338984695,0,0,0,-0.9555281558310732,0.2948998871041975,0.0,0.0,0.0,0.0,3.9897835739174905
80013,gnss_degradation,fixed_rtb,0,0,,,1,0,2.57966127145191,2.57966127145191,,399.4716543213281,0,0,0,0.9995773415948938,-0.0290712602080675,0.0,0.0,0.0,0.0,3.415182256672905
80014,gnss_degradation,fixed_rtb,0,0,,,1,0,2.5813539824541385,2.5813539824541385,,397.8640579296431,0,0,0,-0.9998454333249426,0.0175815090153777,0.0,0.0,0.0,0.0,4.040481551642904
80015,gnss_degradation,fixed_rtb,0,0,,,1,0,2.563738919431811,2.3113653466340964,,397.0884766329602,0,0,0,-0.3982788405785657,0.9172643921723952,0.0,0.0,0.0,0.0,3.847468775534413
80016,gnss_degradation,fixed_rtb,0,0,,,1,0,2.885040659141049,2.4775855934533406,,397.2368965930586,0,0,0,0.1700159621288197,-0.98544130856252,0.0,0.0,0.0,0.0,4.4766280669991065
80017,gnss_degradation,fixed_rtb,0,0,,,1,0,2.890695617045965,2.890695617045965,,396.1019506706177,0,0,0,-0.5063857030115476,0.8623070913459432,0.0,0.0,0.0,0.0,3.277739993704283
80018,gnss_degradation,fixed_rtb,0,0,,,1,0,2.663800960408224,2.663800960408224,,396.3018629394877,0,0,0,0.7057077124765332,-0.7085030871853268,0.0,0.0,0.0,0.0,3.203687246066058
80019,gnss_degradation,fixed_rtb,0,0,,,1,0,2.449306400059988,2.0694820489593,,398.3655599240772,0,0,0,-0.4609169048916472,-0.8874432977858947,0.0,0.0,0.0,0.0,3.793829907518912
90000,comm_delay,fixed_rtb,0,0,,,1,0,2.2876747089981366,2.244335329368961,,395.9231431475635,0,0,0,-0.1075569760704511,-0.9941989221974546,0.0,0.0,0.0,0.5832361970352612,1.0
90001,comm_delay,fixed_rtb,0,0,,,1,0,2.438179408270872,2.438179408270872,,395.96037789086427,0,0,0,-0.9608264524846586,0.2771507319235258,0.0,0.0,0.0,0.7380025098570255,1.0
90002,comm_delay,fixed_rtb,0,0,,,1,0,2.597214686276073,2.597214686276073,,395.47876006695134,0,0,0,-0.9604964054461168,0.278292391425078,0.0,0.0,0.0,1.0145519259728188,1.0
90003,comm_delay,fixed_rtb,0,0,,,1,0,2.284775474080984,2.284775474080984,,396.8565330693606,0,0,0,0.2516137776342215,-0.9678277258400052,0.0,0.0,0.0,0.6902826190672913,1.0
90004,comm_delay,fixed_rtb,0,0,,,1,0,2.702679711287065,2.702679711287065,,396.5824037851901,0,0,0,-0.9901263987048606,-0.14017743965326,0.0,0.0,0.0,0.7581904047023529,1.0
90005,comm_delay,fixed_rtb,0,0,,,1,0,3.1775805141051485,3.1775805141051485,,395.529992412694,0,0,0,-0.9963469318790216,0.0853978415140572,0.0,0.0,0.0,0.6867004357689884,1.0
90006,comm_delay,fixed_rtb,0,0,,,1,0,2.5972368775812384,2.5635929156059087,,396.2114229017116,0,0,0,-0.4364288484235102,0.8997387733468691,0.0,0.0,0.0,1.1988496709291634,1.0
90007,comm_delay,fixed_rtb,0,0,,,1,0,2.503113373708388,2.503113373708388,,395.46577967284594,0,0,0,0.2608073150094088,-0.9653908765042184,0.0,0.0,0.0,0.9107121592194816,1.0
90008,comm_delay,fixed_rtb,0,0,,,1,0,2.591106995370061,2.591106995370061,,396.1394819682341,0,0,0,-0.960605116448178,-0.2779169125000891,0.0,0.0,0.0,1.1292699447497834,1.0
90009,comm_delay,fixed_rtb,0,0,,,1,0,2.577458586230232,2.577458586230232,,394.8197692277464,0,0,0,-0.97120855266358,0.2382308696057543,0.0,0.0,0.0,0.6356297772997208,1.0
90010,comm_delay,fixed_rtb,0,0,,,1,0,2.0022653967770827,1.9960015251199887,,397.1066364815998,0,0,0,0.1102687143144184,-0.9939018113694356,0.0,0.0,0.0,1.071158335845306,1.0
90011,comm_delay,fixed_rtb,0,0,,,1,0,2.5672742166145754,2.5672742166145754,,395.74680381887896,0,0,0,-0.4848359767950594,-0.8746050969467195,0.0,0.0,0.0,0.9287392285627972,1.0
90012,comm_delay,fixed_rtb,0,0,,,1,0,2.447340453320683,2.447340453320683,,394.31894354898736,0,0,0,0.8234288016279948,-0.5674196054503972,0.0,0.0,0.0,0.7845354347846386,1.0
90013,comm_delay,fixed_rtb,0,0,,,1,0,2.3966748644267817,2.3966748644267817,,396.0271579745992,0,0,0,-0.3444820577382586,-0.938792901494475,0.0,0.0,0.0,0.8897706994751691,1.0
90014,comm_delay,fixed_rtb,0,0,,,1,0,2.1621424362749115,2.1621424362749115,,396.55708097357245,0,0,0,0.5644997257643302,0.8254332556978765,0.0,0.0,0.0,1.1714881927331446,1.0
90015,comm_delay,fixed_rtb,0,0,,,1,0,2.567551580669015,2.5009609952287546,,395.1845525347717,0,0,0,0.5802799020711399,-0.8144171138012193,0.0,0.0,0.0,1.16040855052449,1.0
90016,comm_delay,fixed_rtb,0,0,,,1,0,2.2634866928310227,2.112598695780094,,397.3616089876826,0,0,0,-0.8112339593749638,-0.5847216971832152,0.0,0.0,0.0,1.002229838725915,1.0
90017,comm_delay,fixed_rtb,0,0,,,1,0,2.5348318648606183,2.438821895389703,,394.6986492933438,0,0,0,0.8282118815422206,-0.5604150955071561,0.0,0.0,0.0,0.9797188799742472,1.0
90018,comm_delay,fixed_rtb,0,0,,,1,0,2.415079633172996,2.230930305621277,,395.1737533045613,0,0,0,0.8409173715995986,0.5411635373360095,0.0,0.0,0.0,0.5646275358459724,1.0
90019,comm_delay,fixed_rtb,0,0,,,1,0,2.828317889339925,2.828317889339925,,395.3726671913005,0,0,0,-0.3870644048354129,-0.9220526809837968,0.0,0.0,0.0,0.712955745969577,1.0
100000,abrupt_spoof,fixed_rtb,1,1,30.4,0.4000000000000021,0,1,2.804371954478683,2.514938187429447,,349.6786498803882,0,0,0,0.7029416428305679,0.7112475284840449,18.09096465053906,0.7980235837435754,0.0,0.0,1.0
100001,abrupt_spoof,fixed_rtb,1,1,30.4,0.4000000000000021,0,1,2.5118024678120268,2.5118024678120268,,347.3885836502201,0,0,0,0.597150489890124,-0.8021292242675023,23.406520513119503,0.0329210076363708,0.0,0.0,1.0
100002,abrupt_spoof,fixed_rtb,1,1,30.4,0.4000000000000021,0,1,2.559513202352361,2.5122201404247684,,348.42581884063225,0,0,0,0.9388560835289952,-0.3443098232995925,20.74346604691153,0.5032653503462389,0.0,0.0,1.0
100003,abrupt_spoof,fixed_rtb,1,1,30.4,0.4000000000000021,0,1,2.741540194710569,2.635371330837414,,348.28549598978884,0,0,0,0.9897099442412848,0.1430881765552739,21.576316721425627,0.4754269037071178,0.0,0.0,1.0
100004,abrupt_spoof,fixed_rtb,1,1,30.4,0.4000000000000021,0,1,2.527039537143997,2.5015982461413127,,346.997753037235,0,0,0,0.9919619326072596,0.1265366518368124,20.27709390997766,0.0676955632682434,0.0,0.0,1.0
100005,abrupt_spoof,fixed_rtb,1,1,30.4,0.4000000000000021,0,1,2.268540831123171,2.268540831123171,,344.134110241228,0,0,0,-0.9998440523035428,-0.0176598718350496,22.637404189348388,0.0253770592372671,0.0,0.0,1.0
100006,abrupt_spoof,fixed_rtb,1,1,30.6,0.6000000000000014,0,1,2.3504110417819986,2.3504110417819986,,346.1813775919271,0,0,0,-0.677433240179933,-0.7355842610464943,19.73453948159287,0.1646709270267706,0.0,0.0,1.0
100007,abrupt_spoof,fixed_rtb,1,1,30.4,0.4000000000000021,0,1,2.4894406974407475,2.3606292307010714,,345.3300004706707,0,0,0,0.0872376370335157,0.9961875298781896,24.09262051866974,0.0475193829913986,0.0,0.0,1.0
100008,abrupt_spoof,fixed_rtb,1,1,30.6,0.6000000000000014,0,1,3.3106189652738207,3.3106189652738207,,349.7816884923673,0,0,0,0.9880488904308662,-0.1541408126303157,18.503394869843664,0.2898885076173452,0.0,0.0,1.0
100009,abrupt_spoof,fixed_rtb,1,1,30.4,0.4000000000000021,0,1,2.4042678587768886,2.4042678587768886,,343.8728309496265,0,0,0,-0.9938569424806022,0.1106723898861365,19.474616020690316,0.1447497621373554,0.0,0.0,1.0
100010,abrupt_spoof,fixed_rtb,1,1,30.6,0.6000000000000014,0,1,3.632001896388276,3.632001896388276,,351.2603579539895,0,0,0,0.9879479162606276,-0.1547866749958927,14.787386951262487,0.6726992889843393,0.0,0.0,1.0
100011,abrupt_spoof,fixed_rtb,1,1,30.6,0.6000000000000014,0,1,3.300409615685691,3.300409615685691,,350.2838387547338,0,0,0,0.794520898219411,0.6072368090725565,18.761500745741547,0.0649576442869774,0.0,0.0,1.0
100012,abrupt_spoof,fixed_rtb,1,1,30.4,0.4000000000000021,0,1,2.3086967749090874,2.3086967749090874,,346.16079367565123,0,0,0,-0.0101422585502036,0.9999485659730208,12.045944421643004,0.5072282424131213,0.0,0.0,1.0
100013,abrupt_spoof,fixed_rtb,1,1,30.6,0.6000000000000014,0,1,2.942785797133369,2.942785797133369,,345.73207219512,0,0,0,0.9455121906640542,-0.3255866970649465,15.5059704274283,0.3646622049540973,0.0,0.0,1.0
100014,abrupt_spoof,fixed_rtb,1,1,30.6,0.6000000000000014,0,1,3.5267773947104124,3.5267773947104124,,347.42470277687227,0,0,0,-0.9999414211923356,0.0108237786309588,20.072350023560293,0.7012789097894269,0.0,0.0,1.0
100015,abrupt_spoof,fixed_rtb,1,1,30.4,0.4000000000000021,0,1,2.5764626708285525,2.5764626708285525,,350.34396124994373,0,0,0,-0.6743130106751258,0.7384456402703232,22.88852965886965,0.1796135471913936,0.0,0.0,1.0
100016,abrupt_spoof,fixed_rtb,1,1,30.4,0.4000000000000021,0,1,2.454073946563604,2.454073946563604,,344.195439903126,0,0,0,-0.941089345876781,-0.3381580149533831,22.680049922975115,0.0431325321294044,0.0,0.0,1.0
100017,abrupt_spoof,fixed_rtb,1,1,30.6,0.6000000000000014,0,1,3.233825868324531,3.233825868324531,,349.50344099882227,0,0,0,-0.8099525501852277,-0.5864954104240255,18.235004042955776,0.7096834786927604,0.0,0.0,1.0
100018,abrupt_spoof,fixed_rtb,1,1,30.4,0.4000000000000021,0,1,2.606956812186137,2.301396117627329,,345.8124308731058,0,0,0,0.4254528429895124,0.9049805955887348,20.91411554635808,0.544982030312442,0.0,0.0,1.0
100019,abrupt_spoof,fixed_rtb,1,1,30.4,0.4000000000000021,0,1,2.5474195659080188,2.5474195659080188,,344.81850175703937,0,0,0,-0.3351529659198144,0.9421637275097952,16.040333511932246,0.5572420502341001,0.0,0.0,1.0
110000,gradual_spoof,fixed_rtb,1,1,46.400000000000006,16.400000000000006,0,0,2.7746464010727885,2.7033946109618845,,454.6040564354235,0,0,0,0.5580631794463147,-0.8297984621257564,0.0,0.0,0.2581964531636201,0.0,1.0
110001,gradual_spoof,fixed_rtb,1,1,33.0,3.0,0,1,2.659110018196585,2.659110018196585,,371.728914830683,0,0,0,-0.8407186149627075,0.5414722619444018,0.0,0.0,0.7927135626558827,0.0,1.0
110002,gradual_spoof,fixed_rtb,1,1,32.0,2.0,0,1,2.199488078461048,2.0699357218222554,,366.9922593957981,0,0,0,-0.0107262688545546,-0.99994247192349,0.0,0.0,0.7309066844251262,0.0,1.0
110003,gradual_spoof,fixed_rtb,1,1,43.6,13.6,0,0,3.8919735750201623,3.8919735750201623,,457.3070764746352,0,0,0,-0.8816579535861893,0.4718890260201151,0.0,0.0,0.4010741273544916,0.0,1.0
110004,gradual_spoof,fixed_rtb,1,1,34.6,4.600000000000001,0,1,2.72658780491138,2.586134881056777,,390.1613975681951,0,0,0,0.6213489044259246,-0.7835340062618235,0.0,0.0,0.5316456960640409,0.0,1.0
110005,gradual_spoof,fixed_rtb,1,1,31.200000000000003,1.2000000000000028,0,1,2.2450320942154987,2.1949495120909304,,354.1382253741258,0,0,0,0.8917179754741067,0.4525914849136697,0.0,0.0,0.699284173484102,0.0,1.0
110006,gradual_spoof,fixed_rtb,1,1,38.2,8.200000000000003,0,1,2.58473733933868,2.513710166589973,,392.8391354122524,0,0,0,0.9065730700794024,0.4220488936211147,0.0,0.0,0.5629938509787902,0.0,1.0
110007,gradual_spoof,fixed_rtb,1,1,39.6,9.6,0,1,4.79821692415268,4.79821692415268,,422.6443981763777,0,0,0,-0.1885326023541186,0.9820669314510004,0.0,0.0,0.5235688712881484,0.0,1.0
110008,gradual_spoof,fixed_rtb,1,1,31.4,1.400000000000002,0,1,2.3536525633354324,2.345570559407378,,358.4454588610617,0,0,0,0.6547081580554646,-0.7558817551546146,0.0,0.0,0.7694486223067857,0.0,1.0
110009,gradual_spoof,fixed_rtb,1,1,40.6,10.6,0,1,4.534743439760724,4.534743439760724,,425.2534421845261,0,0,0,-0.4501610880496747,0.8929473639615791,0.0,0.0,0.4457190569233518,0.0,1.0
110010,gradual_spoof,fixed_rtb,1,1,44.0,14.0,0,0,3.0514962159260683,3.0514962159260683,,454.03521153774506,0,0,0,0.5227019303707984,-0.8525155083555026,0.0,0.0,0.352495891087226,0.0,1.0
110011,gradual_spoof,fixed_rtb,1,1,41.8,11.800000000000004,0,1,2.4293047715138414,2.4293047715138414,,432.7126405105265,0,0,0,0.8932131321676386,0.4496335180158129,0.0,0.0,0.3766908023015404,0.0,1.0
110012,gradual_spoof,fixed_rtb,1,1,49.0,19.0,0,0,4.126188897681105,4.126188897681105,,457.98259454626935,0,0,0,0.3090753417728528,-0.9510375560975468,0.0,0.0,0.3187303760152798,0.0,1.0
110013,gradual_spoof,fixed_rtb,1,1,38.400000000000006,8.400000000000006,0,1,7.716294173299775,7.716294173299775,,402.0892044046368,0,0,0,-0.7786655273135381,-0.6274392373557216,0.0,0.0,0.5609265027108623,0.0,1.0
110014,gradual_spoof,fixed_rtb,1,1,30.4,0.4000000000000021,0,1,2.468566647622349,2.468566647622349,,344.13210191457705,0,0,0,-0.429896989266075,0.9028779422601728,0.0,0.0,0.7907076429687818,0.0,1.0
110015,gradual_spoof,fixed_rtb,1,1,41.400000000000006,11.400000000000006,0,1,2.787325254352547,2.685765649691664,,438.5051250249601,0,0,0,0.8993050832564194,0.4373218119750769,0.0,0.0,0.3945184471013597,0.0,1.0
110016,gradual_spoof,fixed_rtb,1,1,40.2,10.200000000000005,0,1,4.5736501747064615,4.5736501747064615,,431.58958395542095,0,0,0,-0.3438046284503148,0.9390412011494176,0.0,0.0,0.4726018710679691,0.0,1.0
110017,gradual_spoof,fixed_rtb,1,1,33.800000000000004,3.800000000000004,0,1,3.240825595843945,3.240825595843945,,379.17048254111575,0,0,0,0.9929571719274556,0.1184738566850496,0.0,0.0,0.6815381463042502,0.0,1.0
110018,gradual_spoof,fixed_rtb,1,1,38.8,8.800000000000004,0,1,10.654902426001854,10.654902426001854,,408.6110412110904,1,0,0,0.8697065348822672,-0.4935691878380169,0.0,0.0,0.5308176176528869,0.0,1.0
110019,gradual_spoof,fixed_rtb,1,1,30.6,0.6000000000000014,0,1,2.111130479760896,1.9051491133385208,,351.0091578817812,0,0,0,-0.5971128629171578,-0.8021572345487358,0.0,0.0,0.7796019635642155,0.0,1.0
120000,spoof_comm,fixed_rtb,1,1,50.6,20.6,0,0,9.53391336312141,9.53391336312141,,464.2729410140989,0,0,0,-0.6826207567434719,0.7307728117978732,0.0,0.0,0.7858419544770487,0.9116372001724946,1.0
120001,spoof_comm,fixed_rtb,1,1,52.2,22.200000000000003,0,0,2.8363962549944084,2.8363962549944084,,467.50985925409583,0,0,0,-0.9996655533518046,0.0258608089941197,0.0,0.0,0.3142759655523686,0.7646396040052568,1.0
120002,spoof_comm,fixed_rtb,1,1,50.6,20.6,0,0,5.497317678739256,5.497317678739256,,454.0140067579021,0,0,0,0.5964803338195082,-0.8026276916270507,0.0,0.0,0.4178575364150949,1.1352328398461755,1.0
120003,spoof_comm,fixed_rtb,1,1,50.2,20.200000000000003,0,0,6.251140328056147,6.251140328056147,,446.7056155026689,0,0,0,0.866700979099528,0.4988280393361218,0.0,0.0,0.7572326056676606,0.6949563388325305,1.0
120004,spoof_comm,fixed_rtb,1,1,50.6,20.6,0,0,8.623970494233607,8.623970494233607,,454.55463101269953,0,0,0,-0.4164788406877042,0.9091454093044884,0.0,0.0,0.5593429807495008,0.8823986704985223,1.0
120005,spoof_comm,fixed_rtb,1,1,50.6,20.6,0,0,5.546211468363892,5.546211468363892,,455.6882073250149,0,0,0,0.5117556296314503,-0.8591310584192134,0.0,0.0,0.3911062257483023,0.5651025285438763,1.0
120006,spoof_comm,fixed_rtb,1,1,50.0,20.0,0,0,4.754177204981572,4.754177204981572,,451.7258096019344,0,0,0,0.9234859687557972,-0.3836322008267379,0.0,0.0,0.783860648773922,1.054035241709135,1.0
120007,spoof_comm,fixed_rtb,1,1,50.6,20.6,0,0,10.273935717424948,10.273935717424948,,454.17499456059807,1,0,0,-0.1693448329252959,0.9855568616581712,0.0,0.0,0.6079469460750131,1.1964675746010145,1.0
120008,spoof_comm,fixed_rtb,1,1,50.6,20.6,0,0,3.336207055358495,3.336207055358495,,462.4651865476404,0,0,0,-0.8948213034932176,-0.4464245006881891,0.0,0.0,0.4984793171201148,0.560004298429984,1.0
120009,spoof_comm,fixed_rtb,1,1,50.6,20.6,0,0,7.111735352396433,7.111735352396433,,467.5995205847668,0,0,0,-0.6800089164035634,-0.7332038417872969,0.0,0.0,0.5822619311547387,1.1922260203556947,1.0
120010,spoof_comm,fixed_rtb,1,1,50.6,20.6,0,0,7.01006077820863,7.01006077820863,,469.43598871507663,0,0,0,-0.6850137228553259,-0.7285301637543135,0.0,0.0,0.6332250859678885,0.8584075435793932,1.0
120011,spoof_comm,fixed_rtb,1,1,50.6,20.6,0,0,11.598604153893428,11.598604153893428,,460.0489296696056,1,0,0,-0.3581722876570234,0.9336555105361584,0.0,0.0,0.7160155729734423,0.8551238368182366,1.0
120012,spoof_comm,fixed_rtb,1,1,50.6,20.6,0,0,3.134551498074544,3.134551498074544,,455.9801823076739,0,0,0,0.9475174612632516,-0.3197040203082257,0.0,0.0,0.5413788846799643,0.7889189997851319,1.0
120013,spoof_comm,fixed_rtb,1,1,50.8,20.800000000000004,0,0,2.7262521823802963,2.7262521823802963,,459.6143868500121,0,0,0,-0.8899108202320553,-0.4561345547466345,0.0,0.0,0.3683946196727706,0.845032001574385,1.0
120014,spoof_comm,fixed_rtb,1,1,50.6,20.6,0,0,8.9240071709315,8.9240071709315,,454.6018824087013,0,0,0,-0.2488064737528477,0.9685532193011768,0.0,0.0,0.5409239708516713,0.725982978384855,1.0
120015,spoof_comm,fixed_rtb,1,1,50.6,20.6,0,0,2.8012232782778685,2.4964935712483007,,456.4169046438478,0,0,0,0.9486828013190852,-0.3162292562072223,0.0,0.0,0.410127047600628,0.6224122940768178,1.0
120016,spoof_comm,fixed_rtb,1,1,51.2,21.200000000000003,0,0,2.516247238092659,2.516247238092659,,456.3501998541274,0,0,0,0.9756292611675358,-0.2194254879308424,0.0,0.0,0.2670299654053515,0.7946470510712913,1.0
120017,spoof_comm,fixed_rtb,1,1,50.6,20.6,0,0,10.714726840647703,10.714726840647703,,458.0005661729696,1,0,0,-0.4228229333385655,0.9062123189644748,0.0,0.0,0.7057582669227829,1.1636370994752163,1.0
120018,spoof_comm,fixed_rtb,1,1,53.0,23.0,0,0,2.4971428473578614,2.4971428473578614,,468.02936014946096,0,0,0,-0.9495552742717234,0.3135997147682888,0.0,0.0,0.2644240234435032,0.963480335327614,1.0
120019,spoof_comm,fixed_rtb,1,1,50.6,20.6,0,0,3.86999752914929,3.86999752914929,,452.2640505863382,0,0,0,0.8390452257158382,0.544061677756721,0.0,0.0,0.4131555597132597,0.929775889416124,1.0
70000,nominal,bounded_continue,0,0,,,1,0,2.7101943361871035,2.450120652540588,,394.693190046406,0,0,0,-0.4627943751251115,0.8864656599962334,0.0,0.0,0.0,0.0,1.0
70001,nominal,bounded_continue,0,0,,,1,0,2.645286645796493,2.531936611819149,,395.05325694073474,0,0,0,-0.2371549724624763,-0.9714718313138688,0.0,0.0,0.0,0.0,1.0
70002,nominal,bounded_continue,0,0,,,1,0,2.4792754488714763,2.4792754488714763,,396.2225637090343,0,0,0,0.9638240748097904,0.2665392144076586,0.0,0.0,0.0,0.0,1.0
70003,nominal,bounded_continue,0,0,,,1,0,2.5795619511573493,2.2611205196534025,,396.7496101015511,0,0,0,-0.8687521615612184,-0.4952470916448785,0.0,0.0,0.0,0.0,1.0
70004,nominal,bounded_continue,0,0,,,1,0,2.91735535471542,2.6704056714712983,,394.222127185819,0,0,0,-0.4493985698386581,0.8933313637318286,0.0,0.0,0.0,0.0,1.0
70005,nominal,bounded_continue,0,0,,,1,0,2.713530166137184,2.4235634258397782,,395.1328749238395,0,0,0,-0.9998369908084442,0.0180552433136489,0.0,0.0,0.0,0.0,1.0
70006,nominal,bounded_continue,0,0,,,1,0,2.5891657318985586,2.5891657318985586,,397.1732651218911,0,0,0,-0.0773759376045911,-0.9970019881022356,0.0,0.0,0.0,0.0,1.0
70007,nominal,bounded_continue,0,0,,,1,0,2.937090831522232,2.937090831522232,,393.9383716473229,0,0,0,-0.9688570852178332,-0.2476205735055235,0.0,0.0,0.0,0.0,1.0
70008,nominal,bounded_continue,0,0,,,1,0,2.4835311898077768,1.913923230973612,,396.4437055606157,0,0,0,-0.499682149010065,0.8662088373831586,0.0,0.0,0.0,0.0,1.0
70009,nominal,bounded_continue,0,0,,,1,0,2.465855407812229,2.208591461727841,,396.22434731604847,0,0,0,-0.8856497938527514,0.4643537903889435,0.0,0.0,0.0,0.0,1.0
70010,nominal,bounded_continue,0,0,,,1,0,2.639256817750111,2.639256817750111,,395.4845397734424,0,0,0,-0.3897582227544698,-0.9209172209244852,0.0,0.0,0.0,0.0,1.0
70011,nominal,bounded_continue,0,0,,,1,0,2.793782169684882,2.793782169684882,,395.2910482474185,0,0,0,0.3267110503507777,0.9451242720291824,0.0,0.0,0.0,0.0,1.0
70012,nominal,bounded_continue,0,0,,,1,0,2.952353419305912,2.952353419305912,,396.20479410883104,0,0,0,-0.9991357870195396,0.0415653593373772,0.0,0.0,0.0,0.0,1.0
70013,nominal,bounded_continue,0,0,,,1,0,2.832553253211582,2.832553253211582,,396.12601017034825,0,0,0,0.5902463886953659,0.807223141784277,0.0,0.0,0.0,0.0,1.0
70014,nominal,bounded_continue,0,0,,,1,0,2.842316141859279,2.842316141859279,,395.74849766185537,0,0,0,-0.0724132894022794,-0.9973747116896146,0.0,0.0,0.0,0.0,1.0
70015,nominal,bounded_continue,0,0,,,1,0,2.403937451865489,2.403937451865489,,396.3519599956367,0,0,0,0.4217594941365127,-0.9067077418362064,0.0,0.0,0.0,0.0,1.0
70016,nominal,bounded_continue,0,0,,,1,0,2.465562340241283,2.465562340241283,,396.0701440588986,0,0,0,0.1008948234683841,0.9948970974916368,0.0,0.0,0.0,0.0,1.0
70017,nominal,bounded_continue,0,0,,,1,0,2.6131970942529743,2.6131970942529743,,396.3766973752337,0,0,0,-0.9999984477301184,-0.0017619697369012,0.0,0.0,0.0,0.0,1.0
70018,nominal,bounded_continue,0,0,,,1,0,2.298409928175256,2.068605461533053,,396.123102604416,0,0,0,0.6059097087734854,-0.7955334215569011,0.0,0.0,0.0,0.0,1.0
70019,nominal,bounded_continue,0,0,,,1,0,2.755864408247291,2.755864408247291,,396.15173871583625,0,0,0,0.9046817638257082,0.4260879090061176,0.0,0.0,0.0,0.0,1.0
80000,gnss_degradation,bounded_continue,0,0,,,1,0,2.430221092542494,2.2443219313256075,,396.7779213158827,0,0,0,-0.9907557599140596,-0.1356577465429605,0.0,0.0,0.0,0.0,3.520994626777852
80001,gnss_degradation,bounded_continue,0,0,,,1,0,2.571761244811896,2.571761244811896,,396.3664259755209,0,0,0,0.6078117802332456,-0.794081129236612,0.0,0.0,0.0,0.0,3.001135023028655
80002,gnss_degradation,bounded_continue,0,0,,,1,0,2.3768597361303567,2.3768597361303567,,397.0721273307272,0,0,0,0.9635104169241524,0.2676708360629639,0.0,0.0,0.0,0.0,2.9738628751420757
80003,gnss_degradation,bounded_continue,0,0,,,1,0,2.6727656576434917,2.274084043528428,,397.80136220201217,0,0,0,0.4714262947560766,-0.8819054646687233,0.0,0.0,0.0,0.0,4.4169393808711535
80004,gnss_degradation,bounded_continue,0,0,,,1,0,2.460912778584886,2.2679772925352597,,398.161400658664,0,0,0,-0.5053353204709807,-0.8629230637110653,0.0,0.0,0.0,0.0,4.393481006422327
80005,gnss_degradation,bounded_continue,0,0,,,1,0,3.197473202759941,2.484232515542689,,396.5295777929395,0,0,0,0.98904643964299,0.1476046755002203,0.0,0.0,0.0,0.0,2.771184568630764
80006,gnss_degradation,bounded_continue,0,0,,,1,0,2.39981358328689,2.0802487689788958,,396.78993393365954,0,0,0,0.9977718823368884,-0.0667178448235744,0.0,0.0,0.0,0.0,2.891792939307859
80007,gnss_degradation,bounded_continue,0,0,,,1,0,2.9355128411204574,2.9355128411204574,,396.4223063061009,0,0,0,0.9294866908258956,-0.3688556514105834,0.0,0.0,0.0,0.0,2.9592846618383457
80008,gnss_degradation,bounded_continue,0,0,,,1,0,2.625382529550763,2.625382529550763,,395.3309391207633,0,0,0,-0.9710352806196648,0.2389361500315278,0.0,0.0,0.0,0.0,3.423150180185731
80009,gnss_degradation,bounded_continue,0,0,,,1,0,2.74429530965996,2.5811402699244543,,396.8944594380131,0,0,0,-0.8659109755622966,0.500198143140048,0.0,0.0,0.0,0.0,3.11830072049732
80010,gnss_degradation,bounded_continue,0,1,34.2,,1,0,2.8693742142179683,1.958326886517389,1.0,396.9209027551578,0,0,0,-0.9991936233898626,-0.0401510021921905,0.0,0.0,0.0,0.0,2.9179771765098543
80011,gnss_degradation,bounded_continue,0,0,,,1,0,2.834631879500736,2.4690161219141102,,396.11786685551147,0,0,0,0.999937237126068,-0.0112036515781926,0.0,0.0,0.0,0.0,4.149301356935138
80012,gnss_degradation,bounded_continue,0,0,,,1,0,2.492489406672147,2.445428758913689,,396.7488338984695,0,0,0,-0.9555281558310732,0.2948998871041975,0.0,0.0,0.0,0.0,3.9897835739174905
80013,gnss_degradation,bounded_continue,0,0,,,1,0,2.57966127145191,2.57966127145191,,399.4716543213281,0,0,0,0.9995773415948938,-0.0290712602080675,0.0,0.0,0.0,0.0,3.415182256672905
80014,gnss_degradation,bounded_continue,0,0,,,1,0,2.5813539824541385,2.5813539824541385,,397.8640579296431,0,0,0,-0.9998454333249426,0.0175815090153777,0.0,0.0,0.0,0.0,4.040481551642904
80015,gnss_degradation,bounded_continue,0,0,,,1,0,2.563738919431811,2.3113653466340964,,397.0884766329602,0,0,0,-0.3982788405785657,0.9172643921723952,0.0,0.0,0.0,0.0,3.847468775534413
80016,gnss_degradation,bounded_continue,0,0,,,1,0,2.885040659141049,2.4775855934533406,,397.2368965930586,0,0,0,0.1700159621288197,-0.98544130856252,0.0,0.0,0.0,0.0,4.4766280669991065
80017,gnss_degradation,bounded_continue,0,0,,,1,0,2.890695617045965,2.890695617045965,,396.1019506706177,0,0,0,-0.5063857030115476,0.8623070913459432,0.0,0.0,0.0,0.0,3.277739993704283
80018,gnss_degradation,bounded_continue,0,0,,,1,0,2.663800960408224,2.663800960408224,,396.3018629394877,0,0,0,0.7057077124765332,-0.7085030871853268,0.0,0.0,0.0,0.0,3.203687246066058
80019,gnss_degradation,bounded_continue,0,0,,,1,0,2.449306400059988,2.0694820489593,,398.3655599240772,0,0,0,-0.4609169048916472,-0.8874432977858947,0.0,0.0,0.0,0.0,3.793829907518912
90000,comm_delay,bounded_continue,0,0,,,1,0,2.2876747089981366,2.244335329368961,,395.9231431475635,0,0,0,-0.1075569760704511,-0.9941989221974546,0.0,0.0,0.0,0.5832361970352612,1.0
90001,comm_delay,bounded_continue,0,0,,,1,0,2.438179408270872,2.438179408270872,,395.96037789086427,0,0,0,-0.9608264524846586,0.2771507319235258,0.0,0.0,0.0,0.7380025098570255,1.0
90002,comm_delay,bounded_continue,0,0,,,1,0,2.597214686276073,2.597214686276073,,395.47876006695134,0,0,0,-0.9604964054461168,0.278292391425078,0.0,0.0,0.0,1.0145519259728188,1.0
90003,comm_delay,bounded_continue,0,0,,,1,0,2.284775474080984,2.284775474080984,,396.8565330693606,0,0,0,0.2516137776342215,-0.9678277258400052,0.0,0.0,0.0,0.6902826190672913,1.0
90004,comm_delay,bounded_continue,0,0,,,1,0,2.702679711287065,2.702679711287065,,396.5824037851901,0,0,0,-0.9901263987048606,-0.14017743965326,0.0,0.0,0.0,0.7581904047023529,1.0
90005,comm_delay,bounded_continue,0,0,,,1,0,3.1775805141051485,3.1775805141051485,,395.529992412694,0,0,0,-0.9963469318790216,0.0853978415140572,0.0,0.0,0.0,0.6867004357689884,1.0
90006,comm_delay,bounded_continue,0,0,,,1,0,2.5972368775812384,2.5635929156059087,,396.2114229017116,0,0,0,-0.4364288484235102,0.8997387733468691,0.0,0.0,0.0,1.1988496709291634,1.0
90007,comm_delay,bounded_continue,0,0,,,1,0,2.503113373708388,2.503113373708388,,395.46577967284594,0,0,0,0.2608073150094088,-0.9653908765042184,0.0,0.0,0.0,0.9107121592194816,1.0
90008,comm_delay,bounded_continue,0,0,,,1,0,2.591106995370061,2.591106995370061,,396.1394819682341,0,0,0,-0.960605116448178,-0.2779169125000891,0.0,0.0,0.0,1.1292699447497834,1.0
90009,comm_delay,bounded_continue,0,0,,,1,0,2.577458586230232,2.577458586230232,,394.8197692277464,0,0,0,-0.97120855266358,0.2382308696057543,0.0,0.0,0.0,0.6356297772997208,1.0
90010,comm_delay,bounded_continue,0,0,,,1,0,2.0022653967770827,1.9960015251199887,,397.1066364815998,0,0,0,0.1102687143144184,-0.9939018113694356,0.0,0.0,0.0,1.071158335845306,1.0
90011,comm_delay,bounded_continue,0,0,,,1,0,2.5672742166145754,2.5672742166145754,,395.74680381887896,0,0,0,-0.4848359767950594,-0.8746050969467195,0.0,0.0,0.0,0.9287392285627972,1.0
90012,comm_delay,bounded_continue,0,0,,,1,0,2.447340453320683,2.447340453320683,,394.31894354898736,0,0,0,0.8234288016279948,-0.5674196054503972,0.0,0.0,0.0,0.7845354347846386,1.0
90013,comm_delay,bounded_continue,0,0,,,1,0,2.3966748644267817,2.3966748644267817,,396.0271579745992,0,0,0,-0.3444820577382586,-0.938792901494475,0.0,0.0,0.0,0.8897706994751691,1.0
90014,comm_delay,bounded_continue,0,0,,,1,0,2.1621424362749115,2.1621424362749115,,396.55708097357245,0,0,0,0.5644997257643302,0.8254332556978765,0.0,0.0,0.0,1.1714881927331446,1.0
90015,comm_delay,bounded_continue,0,0,,,1,0,2.567551580669015,2.5009609952287546,,395.1845525347717,0,0,0,0.5802799020711399,-0.8144171138012193,0.0,0.0,0.0,1.16040855052449,1.0
90016,comm_delay,bounded_continue,0,0,,,1,0,2.2634866928310227,2.112598695780094,,397.3616089876826,0,0,0,-0.8112339593749638,-0.5847216971832152,0.0,0.0,0.0,1.002229838725915,1.0
90017,comm_delay,bounded_continue,0,0,,,1,0,2.5348318648606183,2.438821895389703,,394.6986492933438,0,0,0,0.8282118815422206,-0.5604150955071561,0.0,0.0,0.0,0.9797188799742472,1.0
90018,comm_delay,bounded_continue,0,0,,,1,0,2.415079633172996,2.230930305621277,,395.1737533045613,0,0,0,0.8409173715995986,0.5411635373360095,0.0,0.0,0.0,0.5646275358459724,1.0
90019,comm_delay,bounded_continue,0,0,,,1,0,2.828317889339925,2.828317889339925,,395.3726671913005,0,0,0,-0.3870644048354129,-0.9220526809837968,0.0,0.0,0.0,0.712955745969577,1.0
100000,abrupt_spoof,bounded_continue,1,1,30.4,0.4000000000000021,1,0,2.804371954478683,2.6477279369427915,1.0,395.9912235931429,0,0,0,0.7029416428305679,0.7112475284840449,18.09096465053906,0.7980235837435754,0.0,0.0,1.0
100001,abrupt_spoof,bounded_continue,1,1,30.4,0.4000000000000021,1,0,2.736324462336198,2.736324462336198,1.0,396.7578675849748,0,0,0,0.597150489890124,-0.8021292242675023,23.406520513119503,0.0329210076363708,0.0,0.0,1.0
100002,abrupt_spoof,bounded_continue,1,1,30.4,0.4000000000000021,1,0,2.559513202352361,2.541330561134073,1.0,395.40728898373794,0,0,0,0.9388560835289952,-0.3443098232995925,20.74346604691153,0.5032653503462389,0.0,0.0,1.0
100003,abrupt_spoof,bounded_continue,1,1,30.4,0.4000000000000021,1,0,2.741540194710569,2.315099714646053,1.0,397.0955224008984,0,0,0,0.9897099442412848,0.1430881765552739,21.576316721425627,0.4754269037071178,0.0,0.0,1.0
100004,abrupt_spoof,bounded_continue,1,1,30.4,0.4000000000000021,1,0,2.527039537143997,2.188977905375738,1.0,395.75817639361776,0,0,0,0.9919619326072596,0.1265366518368124,20.27709390997766,0.0676955632682434,0.0,0.0,1.0
100005,abrupt_spoof,bounded_continue,1,1,30.4,0.4000000000000021,1,0,2.309524833449225,2.309524833449225,1.0,396.9420707655624,0,0,0,-0.9998440523035428,-0.0176598718350496,22.637404189348388,0.0253770592372671,0.0,0.0,1.0
100006,abrupt_spoof,bounded_continue,1,1,30.6,0.6000000000000014,1,0,2.5255190824298483,2.5255190824298483,1.0,396.2705479823123,0,0,0,-0.677433240179933,-0.7355842610464943,19.73453948159287,0.1646709270267706,0.0,0.0,1.0
100007,abrupt_spoof,bounded_continue,1,1,30.4,0.4000000000000021,1,0,2.6289969698649758,2.6289969698649758,1.0,397.17110967465806,0,0,0,0.0872376370335157,0.9961875298781896,24.09262051866974,0.0475193829913986,0.0,0.0,1.0
100008,abrupt_spoof,bounded_continue,1,1,30.6,0.6000000000000014,1,0,2.3474393969771423,2.3474393969771423,1.0,397.5767938130675,0,0,0,0.9880488904308662,-0.1541408126303157,18.503394869843664,0.2898885076173452,0.0,0.0,1.0
100009,abrupt_spoof,bounded_continue,1,1,30.4,0.4000000000000021,1,0,2.266683553124117,2.266683553124117,1.0,396.4237450688729,0,0,0,-0.9938569424806022,0.1106723898861365,19.474616020690316,0.1447497621373554,0.0,0.0,1.0
100010,abrupt_spoof,bounded_continue,1,1,30.6,0.6000000000000014,1,0,2.426053717025749,2.374227769570326,1.0,396.7170068812734,0,0,0,0.9879479162606276,-0.1547866749958927,14.787386951262487,0.6726992889843393,0.0,0.0,1.0
100011,abrupt_spoof,bounded_continue,1,1,30.6,0.6000000000000014,1,0,2.6195603124505515,2.224030510573048,1.0,395.9669700410984,0,0,0,0.794520898219411,0.6072368090725565,18.761500745741547,0.0649576442869774,0.0,0.0,1.0
100012,abrupt_spoof,bounded_continue,1,1,30.4,0.4000000000000021,1,0,2.7239331707146817,2.7239331707146817,1.0,395.7485681538489,0,0,0,-0.0101422585502036,0.9999485659730208,12.045944421643004,0.5072282424131213,0.0,0.0,1.0
100013,abrupt_spoof,bounded_continue,1,1,30.6,0.6000000000000014,1,0,2.36483294018356,2.36483294018356,1.0,397.0086013122118,0,0,0,0.9455121906640542,-0.3255866970649465,15.5059704274283,0.3646622049540973,0.0,0.0,1.0
100014,abrupt_spoof,bounded_continue,1,1,30.6,0.6000000000000014,1,0,2.59841207903159,2.59841207903159,1.0,395.3821057761736,0,0,0,-0.9999414211923356,0.0108237786309588,20.072350023560293,0.7012789097894269,0.0,0.0,1.0
100015,abrupt_spoof,bounded_continue,1,1,30.4,0.4000000000000021,1,0,2.4943610575797392,2.3340789608002903,1.0,397.1078055680443,0,0,0,-0.6743130106751258,0.7384456402703232,22.88852965886965,0.1796135471913936,0.0,0.0,1.0
100016,abrupt_spoof,bounded_continue,1,1,30.4,0.4000000000000021,1,0,2.263925007015532,2.263925007015532,1.0,397.3820097674477,0,0,0,-0.941089345876781,-0.3381580149533831,22.680049922975115,0.0431325321294044,0.0,0.0,1.0
100017,abrupt_spoof,bounded_continue,1,1,30.6,0.6000000000000014,1,0,2.4208334316155526,2.4208334316155526,1.0,396.0849546046475,0,0,0,-0.8099525501852277,-0.5864954104240255,18.235004042955776,0.7096834786927604,0.0,0.0,1.0
100018,abrupt_spoof,bounded_continue,1,1,30.4,0.4000000000000021,1,0,2.606956812186137,2.25913147995726,1.0,396.7864368747397,0,0,0,0.4254528429895124,0.9049805955887348,20.91411554635808,0.544982030312442,0.0,0.0,1.0
100019,abrupt_spoof,bounded_continue,1,1,30.4,0.4000000000000021,1,0,2.349977837651466,2.3406278515746903,1.0,396.76465399903344,0,0,0,-0.3351529659198144,0.9421637275097952,16.040333511932246,0.5572420502341001,0.0,0.0,1.0
110000,gradual_spoof,bounded_continue,1,1,46.400000000000006,16.400000000000006,1,0,2.7746464010727885,2.260104571436672,1.0,398.3273280165166,0,0,0,0.5580631794463147,-0.8297984621257564,0.0,0.0,0.2581964531636201,0.0,1.0
110001,gradual_spoof,bounded_continue,1,1,33.0,3.0,1,0,2.5294199501781223,2.5294199501781223,1.0,394.7938980932356,0,0,0,-0.8407186149627075,0.5414722619444018,0.0,0.0,0.7927135626558827,0.0,1.0
110002,gradual_spoof,bounded_continue,1,1,32.0,2.0,1,0,2.793363855363714,2.793363855363714,1.0,395.8602562621074,0,0,0,-0.0107262688545546,-0.99994247192349,0.0,0.0,0.7309066844251262,0.0,1.0
110003,gradual_spoof,bounded_continue,1,1,43.6,13.6,1,0,3.8919735750201623,3.8919735750201623,1.0,393.46539795721566,0,0,0,-0.8816579535861893,0.4718890260201151,0.0,0.0,0.4010741273544916,0.0,1.0
110004,gradual_spoof,bounded_continue,1,1,34.6,4.600000000000001,1,0,2.72658780491138,2.28516310546853,1.0,397.500143386219,0,0,0,0.6213489044259246,-0.7835340062618235,0.0,0.0,0.5316456960640409,0.0,1.0
110005,gradual_spoof,bounded_continue,1,1,31.200000000000003,1.2000000000000028,1,0,2.515175656257635,2.515175656257635,1.0,396.8850314475527,0,0,0,0.8917179754741067,0.4525914849136697,0.0,0.0,0.699284173484102,0.0,1.0
110006,gradual_spoof,bounded_continue,1,1,38.2,8.200000000000003,1,0,3.0978292756713564,3.0978292756713564,1.0,396.7874762366085,0,0,0,0.9065730700794024,0.4220488936211147,0.0,0.0,0.5629938509787902,0.0,1.0
110007,gradual_spoof,bounded_continue,1,1,39.6,9.6,1,0,4.79821692415268,4.79821692415268,7.25,393.1754453995089,0,0,0,-0.1885326023541186,0.9820669314510004,0.0,0.0,0.5235688712881484,0.0,1.0
110008,gradual_spoof,bounded_continue,1,1,31.4,1.400000000000002,1,0,2.3536525633354324,2.257974687342549,0.9999999999999964,396.5370348991112,0,0,0,0.6547081580554646,-0.7558817551546146,0.0,0.0,0.7694486223067857,0.0,1.0
110009,gradual_spoof,bounded_continue,1,1,40.6,10.6,1,0,4.534743439760724,4.534743439760724,6.399999999999999,393.0677796143492,0,0,0,-0.4501610880496747,0.8929473639615791,0.0,0.0,0.4457190569233518,0.0,1.0
110010,gradual_spoof,bounded_continue,1,1,44.0,14.0,1,0,2.6853310158940262,2.6853310158940262,1.0,401.7638300433741,0,0,0,0.5227019303707984,-0.8525155083555026,0.0,0.0,0.352495891087226,0.0,1.0
110011,gradual_spoof,bounded_continue,1,1,41.8,11.800000000000004,1,0,2.4586241157325213,2.4586241157325213,1.0,397.4404776787936,0,0,0,0.8932131321676386,0.4496335180158129,0.0,0.0,0.3766908023015404,0.0,1.0
110012,gradual_spoof,bounded_continue,1,1,49.0,19.0,1,0,3.788357414395744,3.788357414395744,3.25,399.34575692339536,0,0,0,0.3090753417728528,-0.9510375560975468,0.0,0.0,0.3187303760152798,0.0,1.0
110013,gradual_spoof,bounded_continue,1,1,38.400000000000006,8.400000000000006,1,0,2.564742793644097,2.564742793644097,1.0,396.4284907407847,0,0,0,-0.7786655273135381,-0.6274392373557216,0.0,0.0,0.5609265027108623,0.0,1.0
110014,gradual_spoof,bounded_continue,1,1,30.4,0.4000000000000021,1,0,2.247833643565651,2.207971355953652,1.0,397.49939988361217,0,0,0,-0.429896989266075,0.9028779422601728,0.0,0.0,0.7907076429687818,0.0,1.0
110015,gradual_spoof,bounded_continue,1,1,41.400000000000006,11.400000000000006,1,0,2.787325254352547,2.685765649691664,1.0,396.4792576465386,0,0,0,0.8993050832564194,0.4373218119750769,0.0,0.0,0.3945184471013597,0.0,1.0
110016,gradual_spoof,bounded_continue,1,1,40.2,10.200000000000005,1,0,4.5736501747064615,4.5736501747064615,5.700000000000003,392.5557429296619,0,0,0,-0.3438046284503148,0.9390412011494176,0.0,0.0,0.4726018710679691,0.0,1.0
110017,gradual_spoof,bounded_continue,1,1,33.800000000000004,3.800000000000004,1,0,2.3526553967107744,2.3526553967107744,1.0,397.4619522473525,0,0,0,0.9929571719274556,0.1184738566850496,0.0,0.0,0.6815381463042502,0.0,1.0
110018,gradual_spoof,bounded_continue,1,1,38.8,8.800000000000004,1,0,2.477837154718699,2.262113310422841,1.0,399.9913108686006,0,0,0,0.8697065348822672,-0.4935691878380169,0.0,0.0,0.5308176176528869,0.0,1.0
110019,gradual_spoof,bounded_continue,1,1,30.6,0.6000000000000014,1,0,2.2555708805221437,2.2555708805221437,1.0,397.9841634192877,0,0,0,-0.5971128629171578,-0.8021572345487358,0.0,0.0,0.7796019635642155,0.0,1.0
120000,spoof_comm,bounded_continue,1,1,50.6,20.6,1,0,9.188748110122903,9.188748110122903,4.649999999999999,390.7649920700289,0,0,0,-0.6826207567434719,0.7307728117978732,0.0,0.0,0.7858419544770487,0.9116372001724946,1.0
120001,spoof_comm,bounded_continue,1,1,52.2,22.200000000000003,1,0,2.8363962549944084,2.8363962549944084,1.0,395.1782535320983,0,0,0,-0.9996655533518046,0.0258608089941197,0.0,0.0,0.3142759655523686,0.7646396040052568,1.0
120002,spoof_comm,bounded_continue,1,1,50.6,20.6,1,0,4.946295092029621,4.946295092029621,3.950000000000003,400.80977009304814,0,0,0,0.5964803338195082,-0.8026276916270507,0.0,0.0,0.4178575364150949,1.1352328398461755,1.0
120003,spoof_comm,bounded_continue,1,1,50.2,20.200000000000003,1,0,6.2070311120193935,6.2070311120193935,5.0,397.0698933383266,0,0,0,0.866700979099528,0.4988280393361218,0.0,0.0,0.7572326056676606,0.6949563388325305,1.0
120004,spoof_comm,bounded_continue,1,1,50.6,20.6,1,0,8.405477220537687,8.405477220537687,4.950000000000003,392.5185943690244,0,0,0,-0.4164788406877042,0.9091454093044884,0.0,0.0,0.5593429807495008,0.8823986704985223,1.0
120005,spoof_comm,bounded_continue,1,1,50.6,20.6,1,0,4.969101060664754,4.969101060664754,3.800000000000004,399.8050689652395,0,0,0,0.5117556296314503,-0.8591310584192134,0.0,0.0,0.3911062257483023,0.5651025285438763,1.0
120006,spoof_comm,bounded_continue,1,1,50.0,20.0,1,0,4.208279508538666,4.208279508538666,3.8500000000000014,401.9714620368072,0,0,0,0.9234859687557972,-0.3836322008267379,0.0,0.0,0.783860648773922,1.054035241709135,1.0
120007,spoof_comm,bounded_continue,1,1,50.6,20.6,1,0,9.759269115925234,9.759269115925234,5.5,393.0471622038272,0,0,0,-0.1693448329252959,0.9855568616581712,0.0,0.0,0.6079469460750131,1.1964675746010145,1.0
120008,spoof_comm,bounded_continue,1,1,50.6,20.6,1,0,3.174701301452893,3.174701301452893,1.9500000000000028,397.1943425788888,0,0,0,-0.8948213034932176,-0.4464245006881891,0.0,0.0,0.4984793171201148,0.560004298429984,1.0
120009,spoof_comm,bounded_continue,1,1,50.6,20.6,1,0,6.645853726545899,6.645853726545899,4.350000000000001,401.8892548383844,0,0,0,-0.6800089164035634,-0.7332038417872969,0.0,0.0,0.5822619311547387,1.1922260203556947,1.0
120010,spoof_comm,bounded_continue,1,1,50.6,20.6,1,0,6.7212911531936985,6.7212911531936985,4.300000000000004,402.90437173595984,0,0,0,-0.6850137228553259,-0.7285301637543135,0.0,0.0,0.6332250859678885,0.8584075435793932,1.0
120011,spoof_comm,bounded_continue,1,1,50.6,20.6,1,0,11.048562128969465,11.048562128969465,5.700000000000003,392.60859600280367,1,0,0,-0.3581722876570234,0.9336555105361584,0.0,0.0,0.7160155729734423,0.8551238368182366,1.0
120012,spoof_comm,bounded_continue,1,1,50.6,20.6,1,0,2.746520803876197,2.5531249668953477,1.0,399.00087875947713,0,0,0,0.9475174612632516,-0.3197040203082257,0.0,0.0,0.5413788846799643,0.7889189997851319,1.0
120013,spoof_comm,bounded_continue,1,1,50.8,20.800000000000004,1,0,2.623785890835444,2.623785890835444,1.0,397.6627485020483,0,0,0,-0.8899108202320553,-0.4561345547466345,0.0,0.0,0.3683946196727706,0.845032001574385,1.0
120014,spoof_comm,bounded_continue,1,1,50.6,20.6,1,0,8.470925134244974,8.470925134244974,5.050000000000004,392.8967907041059,0,0,0,-0.2488064737528477,0.9685532193011768,0.0,0.0,0.5409239708516713,0.725982978384855,1.0
120015,spoof_comm,bounded_continue,1,1,50.6,20.6,1,0,2.8012232782778685,2.6901122831730517,1.0,397.5514448156834,0,0,0,0.9486828013190852,-0.3162292562072223,0.0,0.0,0.410127047600628,0.6224122940768178,1.0
120016,spoof_comm,bounded_continue,1,1,51.2,21.200000000000003,1,0,2.7457313085670862,2.7457313085670862,1.0,396.68252509194,0,0,0,0.9756292611675358,-0.2194254879308424,0.0,0.0,0.2670299654053515,0.7946470510712913,1.0
120017,spoof_comm,bounded_continue,1,1,50.6,20.6,1,0,10.151742234288548,10.151742234288548,5.600000000000001,393.1396107854902,1,0,0,-0.4228229333385655,0.9062123189644748,0.0,0.0,0.7057582669227829,1.1636370994752163,1.0
120018,spoof_comm,bounded_continue,1,1,53.0,23.0,1,0,2.4971428473578614,2.4971428473578614,1.0,396.4087752909292,0,0,0,-0.9495552742717234,0.3135997147682888,0.0,0.0,0.2644240234435032,0.963480335327614,1.0
120019,spoof_comm,bounded_continue,1,1,50.6,20.6,1,0,3.8436586813304263,3.8436586813304263,2.8999999999999986,396.74963107774784,0,0,0,0.8390452257158382,0.544061677756721,0.0,0.0,0.4131555597132597,0.929775889416124,1.0
