strategy,subset,n_trials,alert_rate,mission_completion_rate,return_home_rate,median_max_route_error_m,p95_max_route_error_m,boundary10_violation_rate,boundary20_violation_rate,boundary30_violation_rate,median_route_recovery_time_s,median_path_length_m
bounded_continue,all,120,0.5083333333333333,1.0,0.0,2.5472277640147105,6.805500456560893,0.016666666666666666,0.0,0.0,1.0,396.42302568748687
bounded_continue,attack,60,1.0,1.0,0.0,2.6263914303502096,9.217274160413018,0.03333333333333333,0.0,0.0,1.0,396.7612607920041
bounded_continue,benign,60,0.016666666666666666,1.0,0.0,2.4817539822070827,2.9355917406405463,0.0,0.0,0.0,1.0,396.2081085052713
detection_only,all,120,0.5083333333333333,0.5666666666666667,0.0,4.36558173687782,23.012130464961754,0.4666666666666667,0.15,0.0,1.0,396.21699330537297
detection_only,attack,60,1.0,0.13333333333333333,0.0,17.394433539547297,23.178796210403004,0.9333333333333333,0.3,0.0,1.0,397.28014749238633
detection_only,benign,60,0.016666666666666666,1.0,0.0,2.492596755385722,2.9355917406405463,0.0,0.0,0.0,1.0,396.2081085052713
fixed_rtb,all,120,0.5083333333333333,0.49166666666666664,0.30833333333333335,2.5769606285293922,8.638972328068501,0.03333333333333333,0.0,0.0,,396.2081085052713
fixed_rtb,attack,60,1.0,0.0,0.6,2.8895910260638886,10.292984052853791,0.06666666666666667,0.0,0.0,,405.3501228078636
fixed_rtb,benign,60,0.016666666666666666,0.9833333333333333,0.016666666666666666,2.4817539822070827,2.9355917406405463,0.0,0.0,0.0,,396.17826641233364
